Sample,Time,Line,Titre,Replicate,TCID,IU_mL,MNE,SE_MNE,SE_Percent,Fly_Line,Initial_V,IU_fly,log_IU_fly,log_MNE
1,0,Tet,50,1,NA,NA,NA,NA,NA,Tet,50,NA,NA,NA
2,0,Tet,50,2,NA,NA,NA,NA,NA,Tet,50,NA,NA,NA
3,0,Tet,50,3,NA,NA,NA,NA,NA,Tet,50,NA,NA,NA
4,0,Wol,50,1,NA,NA,NA,NA,NA,Wol,50,NA,NA,NA
5,0,Wol,50,2,NA,NA,NA,NA,NA,Wol,50,NA,NA,NA
6,0,Wol,50,3,NA,NA,NA,NA,NA,Wol,50,NA,NA,NA
7,6,Tet,50,1,NA,NA,NA,NA,NA,Tet,50,NA,NA,NA
8,6,Tet,50,2,NA,NA,NA,NA,NA,Tet,50,NA,NA,NA
9,6,Tet,50,3,NA,NA,NA,NA,NA,Tet,50,NA,NA,NA
10,6,Wol,50,1,NA,NA,NA,NA,NA,Wol,50,NA,NA,NA
11,6,Wol,50,2,NA,NA,NA,NA,NA,Wol,50,NA,NA,NA
12,6,Wol,50,3,NA,NA,NA,NA,NA,Wol,50,NA,NA,NA
13,10,Tet,50,1,3.5,43640,NA,NA,NA,Tet,50,2472.981919,7.813179956,NA
14,10,Tet,50,2,NA,NA,NA,NA,NA,Tet,50,NA,NA,NA
15,10,Tet,50,3,NA,NA,NA,NA,NA,Tet,50,NA,NA,NA
16,10,Wol,50,1,NA,NA,NA,NA,NA,Wol,50,NA,NA,NA
17,10,Wol,50,2,NA,NA,NA,NA,NA,Wol,50,NA,NA,NA
18,10,Wol,50,3,NA,NA,NA,NA,NA,Wol,50,NA,NA,NA
19,24,Tet,50,1,3.6,54940,0.082852019,0.00854,10.31,Tet,50,3113.327833,8.043447476,-2.490699166
20,24,Tet,50,2,4.1552,197300,0.082536552,0.00658,7.97,Tet,50,11180.55299,9.321931208,-2.494514029
21,24,Tet,50,3,3.75,77600,0.069296162,0.00947,13.67,Tet,50,4397.419728,8.388773222,-2.669365751
22,24,Wol,50,1,NA,NA,0.004895657,0,0,Wol,50,NA,NA,-5.319406712
23,24,Wol,50,2,NA,NA,NA,NA,NA,Wol,50,NA,NA,NA
24,24,Wol,50,3,NA,NA,NA,NA,NA,Wol,50,NA,NA,NA
25,34,Tet,50,1,5.6897,6754000,1.026871716,0.08185,7.97,Tet,50,382734.1861,12.855096,0.026517011
26,34,Tet,50,2,5.2941,2716000,5.46518695,0.69143,12.65,Tet,50,153909.6905,11.94412128,1.69839833
27,34,Tet,50,3,4.75,776000,1.02980759,0.06514,6.33,Tet,50,43974.19728,10.69135832,0.029371979
28,34,Wol,50,1,NA,NA,NA,NA,NA,Wol,50,NA,NA,NA
29,34,Wol,50,2,2.75,7760,0.005777016,0.00044,7.64,Wol,50,439.7419728,6.086188129,-5.153868045
30,34,Wol,50,3,NA,NA,NA,NA,NA,Wol,50,NA,NA,NA
31,48,Tet,50,1,5.7,6916000,9.060539047,0.34611,3.82,Tet,50,391914.3665,12.87879864,2.203928616
32,48,Tet,50,2,6,13800000,8.135501854,0.31078,3.82,Tet,50,782015.364,13.56962967,2.09623743
33,48,Tet,50,3,6,13800000,4.638451828,0.43749,9.43,Tet,50,782015.364,13.56962967,1.534380653
34,48,Wol,50,1,2.7,6916,0.030851477,0.00354,11.46,Wol,50,391.9143665,5.971043363,-3.478570646
35,48,Wol,50,2,2.75,7760,0.003860896,1.00E-04,2.47,Wol,50,439.7419728,6.086188129,-5.556855972
36,48,Wol,50,3,3.875,103500,0.08170828,0.01034,12.65,Wol,50,5865.11523,8.676777408,-2.504599933
37,58,Tet,50,1,6.4,34660000,15.57125442,1.24119,7.97,Tet,50,1964105.255,14.49054736,2.745426549
38,58,Tet,50,2,6.6,54940000,12.12217507,0.46307,3.82,Tet,50,3113327.833,14.95120275,2.495036426
39,58,Tet,50,3,7.25,245400000,17.0895784,2.03436,11.9,Tet,50,13906273.21,16.44785061,2.838468827
40,58,Wol,50,1,NA,NA,0.015957192,0.00186,11.64,Wol,50,NA,NA,-4.137845674
41,58,Wol,50,2,5.5,4364000,2.568733807,0.43634,16.99,Wol,50,247298.1919,12.41835014,0.943413095
42,58,Wol,50,3,2.75,7760,0.003939568,0.00047,11.9,Wol,50,439.7419728,6.086188129,-5.536684156
43,72,Tet,50,1,7.3636,318800000,32.52301563,0.80445,2.47,Tet,50,18065688.26,16.70952502,3.481948012
44,72,Tet,50,2,7.75,7.76E+08,52.40244984,2.00178,3.82,Tet,50,43974197.28,17.59911359,3.958953343
45,72,Tet,50,3,6.6,54940000,32.19061893,2.45937,7.64,Tet,50,3113327.833,14.95120275,3.471675073
46,72,Wol,50,1,6.125,18400000,0.278446021,0.01621,5.82,Wol,50,1042687.152,13.85731174,-1.278531059
47,72,Wol,50,2,NA,NA,NA,NA,NA,Wol,50,NA,NA,NA
48,72,Wol,50,3,5,1380000,0.328758686,0.00957,2.91,Wol,50,78201.5364,11.26704457,-1.112431276
49,82,Tet,50,1,7.6897,675400000,54.42458935,1.34618,2.47,Tet,50,38273418.61,17.46026618,3.996816062
50,82,Tet,50,2,6.5,43640000,55.70276979,3.52364,6.33,Tet,50,2472981.919,14.72093524,4.020029873
51,82,Tet,50,3,7.6,549400000,79.80867306,4.64659,5.82,Tet,50,31133278.33,17.25378785,4.379632184
52,82,Wol,50,1,4.6364,597400,0.162176652,0.01293,7.97,Wol,50,33853.33177,10.4297927,-1.819069096
53,82,Wol,50,2,NA,NA,0.005595269,0.00065,11.64,Wol,50,NA,NA,-5.185833788
54,82,Wol,50,3,NA,NA,0.163074815,0.02252,13.81,Wol,50,NA,NA,-1.813546196
55,96,Tet,50,1,8,1.38E+09,76.88842084,7.25203,9.43,Tet,50,78201536.4,18.17479985,4.342355291
56,96,Tet,50,2,7.6364,597400000,46.48334825,1.77567,3.82,Tet,50,33853331.77,17.33754798,3.839094146
57,96,Tet,50,3,8.4,3.47E+09,75.152212,9.29438,12.37,Tet,50,196410525.5,19.09571754,4.31951555
58,96,Wol,50,1,5.75,7760000,2.876652183,0.10989,3.82,Wol,50,439741.9728,12.99394341,1.056627182
59,96,Wol,50,2,5.75,7760000,1.814127661,0.28921,15.94,Wol,50,439741.9728,12.99394341,0.595604725
60,96,Wol,50,3,4.5,436400,0.749908103,0.02865,3.82,Wol,50,24729.81919,10.11576505,-0.287804609
61,106,Tet,50,1,7.5,436400000,48.029146,1.83472,3.82,Tet,50,24729819.19,17.02352033,3.871808035
62,106,Tet,50,2,7.7,691600000,59.05318447,2.25584,3.82,Tet,50,39191436.65,17.48396883,4.07843847
63,106,Tet,50,3,8.125,1.84E+09,79.12803849,7.9421,10.04,Tet,50,104268715.2,18.46248192,4.371067281
64,106,Wol,50,1,6.5,43640000,1.425507148,0.08182,5.74,Wol,50,2472981.919,14.72093524,0.354527644
65,106,Wol,50,2,NA,NA,0.002104622,0.00022,10.31,Wol,50,NA,NA,-6.163619353
66,106,Wol,50,3,5.625,5819000,0.062232998,0.00238,3.82,Wol,50,329749.8118,12.7060895,-2.776869902
67,120,Tet,50,1,7,1.38E+08,73.12079543,3.61726,4.95,Tet,50,7820153.64,15.87221476,4.292112806
68,120,Tet,50,2,6.75,77600000,33.51585763,1.65802,4.95,Tet,50,4397419.728,15.2965285,3.512018689
69,120,Tet,50,3,6.6,54940000,41.14605782,2.60281,6.33,Tet,50,3113327.833,14.95120275,3.717128122
70,120,Wol,50,1,NA,NA,0.000946678,0.00011,11.9,Wol,50,NA,NA,-6.962551332
71,120,Wol,50,2,4.5,436400,0.782115418,0.09895,12.65,Wol,50,24729.81919,10.11576505,-0.245752957
72,120,Wol,50,3,5.4,3466000,0.135670799,0.01555,11.46,Wol,50,196410.5255,12.18796227,-1.997523925
73,130,Tet,50,1,6.6,54940000,3.258481008,0.0806,2.47,Tet,50,3113327.833,14.95120275,1.181261138
74,130,Tet,50,2,6.6364,59740000,5.839374525,0.57774,9.89,Tet,50,3385333.177,15.03496289,1.764623689
75,130,Tet,50,3,7,1.38E+08,36.35944706,1.79869,4.95,Tet,50,7820153.64,15.87221476,3.593454062
76,130,Wol,50,1,NA,NA,0.001975759,6.00E-05,2.91,Wol,50,NA,NA,-6.226802701
77,130,Wol,50,2,5,1380000,1.037281051,0.07925,7.64,Wol,50,78201.5364,11.26704457,0.036602916
78,130,Wol,50,3,7,1.38E+08,4.484858153,0.45015,10.04,Wol,50,7820153.64,15.87221476,1.500706868
79,144,Tet,50,1,NA,NA,NA,NA,NA,Tet,50,NA,NA,NA
80,144,Tet,50,2,7,1.38E+08,43.34822163,4.08856,9.43,Tet,50,7820153.64,15.87221476,3.769265679
81,144,Tet,50,3,7.25,245400000,41.89715077,7.2146,17.22,Tet,50,13906273.21,16.44785061,3.735217824
82,144,Wol,50,1,3.6,54940,0.017337399,0.00129,7.42,Wol,50,3113.327833,8.043447476,-4.054889296
83,144,Wol,50,2,7.5,436400000,8.158761636,0.60542,7.42,Wol,50,24729819.19,17.02352033,2.099092397
84,144,Wol,50,3,2.6,5494,0.013641585,0.00104,7.64,Wol,50,311.3327833,5.740862383,-4.294632409
85,154,Tet,50,1,7.5,436400000,69.39315377,3.98312,5.74,Tet,50,24729819.19,17.02352033,4.239788214
86,154,Tet,50,2,6.5,43640000,65.99443692,3.78804,5.74,Tet,50,2472981.919,14.72093524,4.189570449
87,154,Tet,50,3,NA,NA,NA,NA,NA,Tet,50,NA,NA,NA
88,154,Wol,50,1,NA,NA,0.036795307,0.00369,10.04,Wol,50,NA,NA,-3.302384961
89,154,Wol,50,2,6,13800000,2.492701692,0.23511,9.43,Wol,50,782015.364,13.56962967,0.913367139
90,154,Wol,50,3,6.25,24540000,6.064708072,1.06737,17.6,Wol,50,1390627.321,14.14526551,1.802486408
94,168,Wol,50,1,2.6,5494,0.016639414,0.00041,2.47,Wol,50,311.3327833,5.740862383,-4.095981055
95,168,Wol,50,2,7.1552,197300000,19.88036711,0.75943,3.82,Wol,50,11180552.99,16.22968649,2.989732667
96,168,Wol,50,3,4.875,1035000,2.047482219,0.24373,11.9,Wol,50,58651.1523,10.9793625,0.716610853
100,178,Wol,50,1,6.25,24540000,8.072356022,0.61673,7.64,Wol,50,1390627.321,14.14526551,2.088445388
101,178,Wol,50,2,NA,NA,21.93149597,1.99067,9.08,Wol,50,NA,NA,3.087923776
102,178,Wol,50,3,6.6,54940000,14.8311513,2.55389,17.22,Wol,50,3113327.833,14.95120275,2.696729786
106,192,Wol,50,1,3.6,54940,0.041623725,0.00529,12.71,Wol,50,3113.327833,8.043447476,-3.179084971
107,192,Wol,50,2,7.6897,675400000,9.431783385,0.23329,2.47,Wol,50,38273418.61,17.46026618,2.244085197
108,192,Wol,50,3,7.5,436400000,3.972969123,0.49135,12.37,Wol,50,24729819.19,17.02352033,1.379513705
112,202,Wol,50,1,5.6,5494000,1.159856164,0.04431,3.82,Wol,50,311332.7833,12.64861766,0.148296001
113,202,Wol,50,2,7.1552,197300000,7.78425941,0.29736,3.82,Wol,50,11180552.99,16.22968649,2.05210367
114,202,Wol,50,3,3.75,77600,0.040629589,0.00237,5.82,Wol,50,4397.419728,8.388773222,-3.203258677
118,216,Wol,50,1,6.6,54940000,78.39453654,8.99959,11.48,Wol,50,3113327.833,14.95120275,4.361754238
119,216,Wol,50,2,5.6,5494000,0.252848524,0.04131,16.34,Wol,50,311332.7833,12.64861766,-1.374964689
120,216,Wol,50,3,6.75,77600000,14.90734277,0.94301,6.33,Wol,50,4397419.728,15.2965285,2.701853895
124,226,Wol,50,1,7.1552,197300000,2.112012799,0.08068,3.82,Wol,50,11180552.99,16.22968649,0.747641426
125,226,Wol,50,2,7.6,549400000,16.62804626,2.05646,12.37,Wol,50,31133278.33,17.25378785,2.811090804
126,226,Wol,50,3,5,1380000,0.185495751,0.01065,5.74,Wol,50,78201.5364,11.26704457,-1.684723306
130,240,Wol,50,1,8,1.38E+09,12.18247228,0.46537,3.82,Wol,50,78201536.4,18.17479985,2.499998221
131,240,Wol,50,2,NA,NA,0.004015236,0.00073,18.15,Wol,50,NA,NA,-5.517659278
132,240,Wol,50,3,7.4,346600000,10.16208567,0.50271,4.95,Wol,50,19641052.55,16.79313245,2.318663703
136,250,Wol,50,1,7.1552,197300000,45.22687101,1.31659,2.91,Wol,50,11180552.99,16.22968649,3.811691402
137,250,Wol,50,2,7.3636,318800000,1.998256063,0.18847,9.43,Wol,50,18065688.26,16.70952502,0.692274832
138,250,Wol,50,3,8.1552,1.97E+09,4.918487212,0.24332,4.95,Wol,50,111805529.9,18.53227158,1.593001006
142,264,Wol,50,1,6.6,54940000,NA,NA,NA,Wol,50,3113327.833,14.95120275,NA
143,264,Wol,50,2,7.25,245400000,28.51113962,0.70522,2.47,Wol,50,13906273.21,16.44785061,3.350294875
144,264,Wol,50,3,4.6364,597400,0.105537714,0.01059,10.04,Wol,50,33853.33177,10.4297927,-2.24868691
145,288,Wol,50,1,6.5,43640000,14.42485804,1.14981,7.97,Wol,50,2472981.919,14.72093524,2.668952971
146,288,Wol,50,2,6.6,54940000,10.05822557,0.74636,7.42,Wol,50,3113327.833,14.95120275,2.308390764
147,288,Wol,50,3,6.4,34660000,23.73327925,2.93519,12.37,Wol,50,1964105.255,14.49054736,3.166878251
148,312,Wol,50,1,7,1.38E+08,35.97438123,6.1108,16.99,Wol,50,7820153.64,15.87221476,3.582807053
149,312,Wol,50,2,2.75,7760,0.000429809,2.00E-05,4.95,Wol,50,439.7419728,6.086188129,-7.752170332
150,312,Wol,50,3,6.6,54940000,5.469412413,0.74763,13.67,Wol,50,3113327.833,14.95120275,1.699171191
151,336,Wol,50,1,6.4,34660000,6.258035579,0.39587,6.33,Wol,50,1964105.255,14.49054736,1.833866331
152,336,Wol,50,2,6.5,43640000,2.005844109,0.04961,2.47,Wol,50,2472981.919,14.72093524,0.696064974
153,336,Wol,50,3,6.4,34660000,5.013894297,0.95766,19.1,Wol,50,1964105.255,14.49054736,1.612212918
154,360,Wol,50,1,7.25,245400000,10.16613902,0.25146,2.47,Wol,50,13906273.21,16.44785061,2.319062494
155,360,Wol,50,2,6.25,24540000,5.397070191,0,0,Wol,50,1390627.321,14.14526551,1.685856249
156,360,Wol,50,3,NA,NA,NA,NA,NA,Wol,50,NA,NA,NA
157,384,Wol,50,1,6.75,77600000,12.36455812,0.47233,3.82,Wol,50,4397419.728,15.2965285,2.514834164
158,384,Wol,50,2,6.75,77600000,5.424796342,0.20723,3.82,Wol,50,4397419.728,15.2965285,1.690980358
159,384,Wol,50,3,NA,NA,NA,NA,NA,Wol,50,NA,NA,NA
160,408,Wol,50,1,7,1.38E+08,13.02388117,0.32214,2.47,Wol,50,7820153.64,15.87221476,2.566784685
161,408,Wol,50,2,6.5,43640000,24.38806713,1.39986,5.74,Wol,50,2472981.919,14.72093524,3.194093961
202,0,Tet,500,1,2.75,7760,NA,NA,NA,Tet,500,439.7419728,6.086188129,NA
203,0,Tet,500,2,NA,NA,NA,NA,NA,Tet,500,NA,NA,NA
204,0,Tet,500,3,NA,NA,NA,NA,NA,Tet,500,NA,NA,NA
205,0,Wol,500,1,2.7,6916,NA,NA,NA,Wol,500,391.9143665,5.971043363,NA
206,0,Wol,500,2,3,13800,NA,NA,NA,Wol,500,782.015364,6.661874387,NA
207,0,Wol,500,3,2.6,5494,NA,NA,NA,Wol,500,311.3327833,5.740862383,NA
208,6,Tet,500,1,3,13800,NA,NA,NA,Tet,500,782.015364,6.661874387,NA
209,6,Tet,500,2,NA,NA,NA,NA,NA,Tet,500,NA,NA,NA
210,6,Tet,500,3,NA,NA,NA,NA,NA,Tet,500,NA,NA,NA
211,6,Wol,500,1,NA,NA,NA,NA,NA,Wol,500,NA,NA,NA
212,6,Wol,500,2,NA,NA,NA,NA,NA,Wol,500,NA,NA,NA
213,6,Wol,500,3,2.75,7760,NA,NA,NA,Wol,500,439.7419728,6.086188129,NA
214,10,Tet,500,1,2.75,7760,0.017251588,0.00109,6.33,Tet,500,439.7419728,6.086188129,-4.059851093
215,10,Tet,500,2,2.7,6916,0.003391056,0.00043,12.65,Tet,500,391.9143665,5.971043363,-5.686614049
216,10,Tet,500,3,3,13800,0.011282168,0.00028,2.47,Tet,500,782.015364,6.661874387,-4.484531835
217,10,Wol,500,1,NA,NA,NA,NA,NA,Wol,500,NA,NA,NA
218,10,Wol,500,2,NA,NA,NA,NA,NA,Wol,500,NA,NA,NA
219,10,Wol,500,3,2.8,8707,NA,NA,NA,Wol,500,493.4063605,6.201333095,NA
220,24,Tet,500,1,4.5,436400,0.322382272,0.00797,2.47,Tet,500,24729.81919,10.11576505,-1.132017258
221,24,Tet,500,2,4.875,1035000,0.29716949,0.00735,2.47,Tet,500,58651.1523,10.9793625,-1.213452631
222,24,Tet,500,3,5.25,2454000,0.208003583,0.01194,5.74,Tet,500,139062.7321,11.84268042,-1.570199974
223,24,Wol,500,1,2.75,7760,0.012084573,0.00178,14.76,Wol,500,439.7419728,6.086188129,-4.415825574
224,24,Wol,500,2,2.6,5494,0.002568087,2.00E-04,7.97,Wol,500,311.3327833,5.740862383,-5.964593937
225,24,Wol,500,3,3.5,43640,0.006646599,0.00097,14.56,Wol,500,2472.981919,7.813179956,-5.013649999
226,34,Tet,500,1,6.5,43640000,10.43438447,1.60409,15.37,Tet,500,2472981.919,14.72093524,2.345106552
227,34,Tet,500,2,6.5,43640000,7.126437294,0.40905,5.74,Tet,500,2472981.919,14.72093524,1.963811431
228,34,Tet,500,3,6,13800000,9.829263311,0.37548,3.82,Tet,500,782015.364,13.56962967,2.285363988
229,34,Wol,500,1,2.75,7760,0.011516653,0.00057,4.95,Wol,500,439.7419728,6.086188129,-4.46396123
230,34,Wol,500,2,NA,NA,0.012084573,0.00183,15.14,Wol,500,NA,NA,-4.415825574
231,34,Wol,500,3,3.7568,78820,0.00860795,0.00066,7.64,Wol,500,4466.55442,8.404372567,-4.755069038
232,48,Tet,500,1,6.3636,31880000,12.21700052,0.71129,5.82,Tet,500,1806568.826,14.40693993,2.502828467
233,48,Tet,500,2,6.75,77600000,28.24614846,4.11134,14.56,Tet,500,4397419.728,15.2965285,3.340957111
234,48,Tet,500,3,7.25,245400000,17.77605892,3.12853,17.6,Tet,500,13906273.21,16.44785061,2.877852547
235,48,Wol,500,1,3.6,54940,0.108655155,0.0083,7.64,Wol,500,3113.327833,8.043447476,-2.219576129
236,48,Wol,500,2,4.875,1035000,25.64405382,1.47195,5.74,Wol,500,58651.1523,10.9793625,3.244311725
237,48,Wol,500,3,2.875,10350,0.003621788,0.00034,9.43,Wol,500,586.511523,6.374192315,-5.620787452
238,58,Tet,500,1,7.25,245400000,33.72038984,1.96325,5.82,Tet,500,13906273.21,16.44785061,3.518102694
239,58,Tet,500,2,7,1.38E+08,28.4025807,2.16996,7.64,Tet,500,7820153.64,15.87221476,3.346480011
240,58,Tet,500,3,6.6,54940000,27.74565261,1.59258,5.74,Tet,500,3113327.833,14.95120275,3.323079165
241,58,Wol,500,1,3.6897,67540,0.017873349,0.00137,7.64,Wol,500,3827.341861,8.24992581,-4.024444553
242,58,Wol,500,2,5.75,7760000,0.873535243,0.09009,10.31,Wol,500,439741.9728,12.99394341,-0.135206803
243,58,Wol,500,3,4.8448,965400,0.054421067,0.00344,6.33,Wol,500,54707.07481,10.90974832,-2.911003935
244,72,Tet,500,1,7.25,245400000,68.30564236,4.32087,6.33,Tet,500,13906273.21,16.44785061,4.223992375
245,72,Tet,500,2,7.75,7.76E+08,64.25861786,8.16431,12.71,Tet,500,43974197.28,17.59911359,4.162915845
246,72,Tet,500,3,8.25,2.45E+09,83.85606421,9.76446,11.64,Tet,500,139062732.1,18.7504357,4.429101808
247,72,Wol,500,1,4.6,549400,0.408239212,0.01559,3.82,Wol,500,31133.27833,10.34603257,-0.895901972
248,72,Wol,500,2,4,138000,0.434366971,0.0448,10.31,Wol,500,7820.15364,8.96445948,-0.833865547
249,72,Wol,500,3,6.5,43640000,3.011592405,0.17534,5.82,Wol,500,2472981.919,14.72093524,1.102468977
250,82,Tet,500,1,6.5,43640000,27.55673636,4.1676,15.12,Tet,500,2472981.919,14.72093524,3.31624702
251,82,Tet,500,2,7.4,346600000,60.50942945,8.80738,14.56,Tet,500,19641052.55,16.79313245,4.102799212
252,82,Tet,500,3,6.9,109600000,55.60770864,1.61878,2.91,Tet,500,6210788.688,15.64179845,4.018321836
253,82,Wol,500,1,4.3103,282000,0.977308795,0.03733,3.82,Wol,500,15980.31396,9.679112866,-0.022952613
254,82,Wol,500,2,5.5,4364000,13.95503384,0.40624,2.91,Wol,500,247298.1919,12.41835014,2.635840292
255,82,Wol,500,3,5.6,5494000,4.611179507,0.17615,3.82,Wol,500,311332.7833,12.64861766,1.528483683
256,96,Tet,500,1,7,1.38E+08,57.76433768,7.62312,13.2,Tet,500,7820153.64,15.87221476,4.05637159
257,96,Tet,500,2,NA,NA,37.81998936,3.01464,7.97,Tet,500,NA,NA,3.632837782
258,96,Tet,500,3,7,1.38E+08,47.88326322,5.48744,11.46,Tet,500,7820153.64,15.87221476,3.868766032
259,96,Wol,500,1,4.6,549400,0.0703319,0.00174,2.47,Wol,500,31133.27833,10.34603257,-2.654529808
260,96,Wol,500,2,6.25,24540000,0.674244935,0.10006,14.84,Wol,500,1390627.321,14.14526551,-0.394161829
261,96,Wol,500,3,7.1552,197300000,NA,NA,NA,Wol,500,11180552.99,16.22968649,NA
262,106,Tet,500,1,NA,NA,NA,NA,NA,Tet,500,NA,NA,NA
263,106,Tet,500,2,8,1.38E+09,21.04016496,1.20769,5.74,Tet,500,78201536.4,18.17479985,3.046433228
264,106,Tet,500,3,7.1552,197300000,104.1680209,12.40029,11.9,Tet,500,11180552.99,16.22968649,4.646005181
265,106,Wol,500,1,6.875,103500000,9.428022823,1.44061,15.28,Wol,500,5865115.23,15.58453269,2.243686406
266,106,Wol,500,2,5.5,4364000,0.35903835,0.02271,6.33,Wol,500,247298.1919,12.41835014,-1.024326072
267,106,Wol,500,3,6.875,103500000,2.214450348,0.30576,13.81,Wol,500,5865115.23,15.58453269,0.795004223
268,120,Tet,500,1,6.6,54940000,37.49043538,1.43214,3.82,Tet,500,3113327.833,14.95120275,3.624085844
269,120,Tet,500,2,NA,NA,NA,NA,NA,Tet,500,NA,NA,NA
270,120,Tet,500,3,7.25,245400000,36.14566743,5.46656,15.12,Tet,500,13906273.21,16.44785061,3.587557092
271,120,Wol,500,1,7.4545,3.93E+08,6.503172628,0.61337,9.43,Wol,500,22270437.54,16.91877069,1.872290154
272,120,Wol,500,2,7.5,436400000,2.79195911,0.21331,7.64,Wol,500,24729819.19,17.02352033,1.026743539
273,120,Wol,500,3,6.75,77600000,14.4356539,2.18557,15.14,Wol,500,4397419.728,15.2965285,2.669701112
274,130,Tet,500,1,7.75,7.76E+08,63.75985774,3.7122,5.82,Tet,500,43974197.28,17.59911359,4.155123803
275,130,Tet,500,2,7,1.38E+08,34.9954227,3.60918,10.31,Tet,500,7820153.64,15.87221476,3.555217273
276,130,Tet,500,3,7.25,245400000,52.61257932,0,0,Tet,500,13906273.21,16.44785061,3.962955242
277,130,Wol,500,1,NA,NA,5.178693149,0.47006,9.08,Wol,500,NA,NA,1.644552737
278,130,Wol,500,2,7,1.38E+08,1.919961791,0.04749,2.47,Wol,500,7820153.64,15.87221476,0.652305285
279,130,Wol,500,3,6.5,43640000,7.237191382,0.45781,6.33,Wol,500,2472981.919,14.72093524,1.9792332
280,144,Tet,500,1,6.5,43640000,NA,NA,NA,Tet,500,2472981.919,14.72093524,NA
281,144,Tet,500,2,7,1.38E+08,46.82944247,4.63327,9.89,Tet,500,7820153.64,15.87221476,3.846512118
282,144,Tet,500,3,7,1.38E+08,66.20787987,10.5549,15.94,Tet,500,7820153.64,15.87221476,4.192799487
283,144,Wol,500,1,7.25,245400000,3.326744012,0.12708,3.82,Wol,500,13906273.21,16.44785061,1.201994051
284,144,Wol,500,2,7.1515,195600000,5.717273237,0.6552,11.46,Wol,500,11084217.77,16.22103283,1.743491985
285,144,Wol,500,3,7.5,436400000,19.78245816,1.98557,10.04,Wol,500,24729819.19,17.02352033,2.984795593
286,154,Tet,500,1,7.75,7.76E+08,150.4470643,28.37999,18.86,Tet,500,43974197.28,17.59911359,5.01361129
287,154,Tet,500,2,7.3636,318800000,58.89730052,6.07425,10.31,Tet,500,18065688.26,16.70952502,4.075795258
288,154,Tet,500,3,8,1.38E+09,77.90445949,4.47166,5.74,Tet,500,78201536.4,18.17479985,4.355483198
289,154,Wol,500,1,7,1.38E+08,23.70607441,3.77924,15.94,Wol,500,7820153.64,15.87221476,3.16573132
290,154,Wol,500,2,7.75,7.76E+08,12.46391864,1.58359,12.71,Wol,500,43974197.28,17.59911359,2.522837961
291,154,Wol,500,3,7.6,549400000,1.316054169,0.13573,10.31,Wol,500,31133278.33,17.25378785,0.274637994
295,168,Wol,500,1,NA,NA,8.304381838,0.75377,9.08,Wol,500,NA,NA,2.116783308
296,168,Wol,500,2,7,1.38E+08,15.35955164,2.36124,15.37,Wol,500,7820153.64,15.87221476,2.731737537
297,168,Wol,500,3,7.75,7.76E+08,14.07507066,0.81947,5.82,Wol,500,43974197.28,17.59911359,2.644405194
301,178,Wol,500,1,7.3103,2.82E+08,23.48632359,1.3481,5.74,Wol,500,15980313.96,16.58686815,3.156418277
302,178,Wol,500,2,7,1.38E+08,62.57000197,7.94977,12.71,Wol,500,7820153.64,15.87221476,4.136285961
303,178,Wol,500,3,7.6364,597400000,40.20190214,3.7918,9.43,Wol,500,33853331.77,17.33754798,3.693914311
307,192,Wol,500,1,6.6,54940000,27.0988498,4.09835,15.12,Wol,500,3113327.833,14.95120275,3.299491284
308,192,Wol,500,2,7,1.38E+08,25.22328928,2.37903,9.43,Wol,500,7820153.64,15.87221476,3.227767745
309,192,Wol,500,3,7.1552,197300000,21.41622602,0.52973,2.47,Wol,500,11180552.99,16.22968649,3.06414886
313,202,Wol,500,1,6.75,77600000,86.00646312,4.93671,5.74,Wol,500,4397419.728,15.2965285,4.454422446
314,202,Wol,500,2,7.4,346600000,16.94425173,2.5626,15.12,Wol,500,19641052.55,16.79313245,2.829928646
315,202,Wol,500,3,6.5,43640000,1.169176668,0.19102,16.34,Wol,500,2472981.919,14.72093524,0.156299798
319,216,Wol,500,1,6.6,54940000,30.42261566,5.23871,17.22,Wol,500,3113327.833,14.95120275,3.415186268
320,216,Wol,500,2,6.75,77600000,60.82178566,3.00883,4.95,Wol,500,4397419.728,15.2965285,4.107948042
321,216,Wol,500,3,7,1.38E+08,107.6549092,3.13392,2.91,Wol,500,7820153.64,15.87221476,4.678930826
325,226,Wol,500,1,7,1.38E+08,10.11203834,1.38225,13.67,Wol,500,7820153.64,15.87221476,2.313726629
326,226,Wol,500,2,6.5,43640000,71.10438125,10.76526,15.14,Wol,500,2472981.919,14.72093524,4.264148956
327,226,Wol,500,3,5.6,5494000,3.676937597,0.10704,2.91,Wol,500,311332.7833,12.64861766,1.302080231
331,240,Wol,500,1,7.4,346600000,34.64423621,2.19152,6.33,Wol,500,19641052.55,16.79313245,3.545131369
332,240,Wol,500,2,7,1.38E+08,52.25305591,1.29247,2.47,Wol,500,7820153.64,15.87221476,3.956098375
333,240,Wol,500,3,6.6364,59740000,15.16206623,2.23854,14.76,Wol,500,3385333.177,15.03496289,2.718796666
337,250,Wol,500,1,6.5,43640000,31.65059739,2.52288,7.97,Wol,500,2472981.919,14.72093524,3.454757023
338,250,Wol,500,2,7.7,691600000,20.35538038,2.09931,10.31,Wol,500,39191436.65,17.48396883,3.013345269
339,250,Wol,500,3,7.25,245400000,47.37615406,1.37916,2.91,Wol,500,13906273.21,16.44785061,3.858119023
343,264,Wol,500,1,6.4,34660000,69.65838479,5.55249,7.97,Wol,500,1964105.255,14.49054736,4.243603078
344,264,Wol,500,2,7.4,346600000,NA,NA,NA,Wol,500,19641052.55,16.79313245,NA
345,264,Wol,500,3,7.1552,197300000,NA,NA,NA,Wol,500,11180552.99,16.22968649,NA
346,288,Wol,500,1,6.6,54940000,32.20948256,3.69122,11.46,Wol,500,3113327.833,14.95120275,3.472260899
347,288,Wol,500,2,6.6,54940000,23.23267078,1.14931,4.95,Wol,500,3113327.833,14.95120275,3.145559512
348,288,Wol,500,3,7,1.38E+08,30.34155835,4.00416,13.2,Wol,500,7820153.64,15.87221476,3.412518335
349,312,Wol,500,1,6,13800000,16.58064143,1.50498,9.08,Wol,500,782015.364,13.56962967,2.808235836
350,312,Wol,500,2,6.75,77600000,18.6034118,0.9203,4.95,Wol,500,4397419.728,15.2965285,2.923344994
351,312,Wol,500,3,7.25,245400000,32.03807482,1.22386,3.82,Wol,500,13906273.21,16.44785061,3.466925034
352,336,Wol,500,1,7.4,346600000,6.547917243,0.32392,4.95,Wol,500,19641052.55,16.79313245,1.879147021
353,336,Wol,500,2,6.5,43640000,39.02655943,2.46874,6.33,Wol,500,2472981.919,14.72093524,3.664242425
354,336,Wol,500,3,6.5,43640000,89.59747756,8.86471,9.89,Wol,500,2472981.919,14.72093524,4.495327167
356,360,Wol,500,2,6.7568,78820000,11.76557041,1.10972,9.43,Wol,500,4466554.42,15.31212785,2.465177504
403,0,Tet,5000,1,3.5,43640,NA,NA,NA,Tet,5000,2472.981919,7.813179956,NA
404,0,Tet,5000,2,3.5,43640,NA,NA,NA,Tet,5000,2472.981919,7.813179956,NA
405,0,Tet,5000,3,3.5,43640,0.010084443,0.00138,13.67,Tet,5000,2472.981919,7.813179956,-4.5967613
406,0,Wol,5000,1,3.75,77600,NA,NA,NA,Wol,5000,4397.419728,8.388773222,NA
407,0,Wol,5000,2,3.5,43640,NA,NA,NA,Wol,5000,2472.981919,7.813179956,NA
408,0,Wol,5000,3,3.6,54940,NA,NA,NA,Wol,5000,3113.327833,8.043447476,NA
409,6,Tet,5000,1,3.75,77600,NA,NA,NA,Tet,5000,4397.419728,8.388773222,NA
410,6,Tet,5000,2,3.75,77600,0.003546807,0.00033,9.43,Tet,5000,4397.419728,8.388773222,-5.641707404
411,6,Tet,5000,3,4.25,245400,0.008165867,0.00074,9.08,Tet,5000,13906.27321,9.540095328,-4.807792422
412,6,Wol,5000,1,3,13800,NA,NA,NA,Wol,5000,782.015364,6.661874387,NA
413,6,Wol,5000,2,3.75,77600,NA,NA,NA,Wol,5000,4397.419728,8.388773222,NA
414,6,Wol,5000,3,4.3636,318800,NA,NA,NA,Wol,5000,18065.68826,9.801769742,NA
415,10,Tet,5000,1,3.4,34660,0.041679286,0.00206,4.95,Tet,5000,1964.105255,7.58279208,-3.177751005
416,10,Tet,5000,2,3.625,58190,0.066430138,0.00387,5.82,Tet,5000,3297.498118,8.100919314,-2.711604438
417,10,Tet,5000,3,3.5,43640,0.027107234,0.00358,13.2,Tet,5000,2472.981919,7.813179956,-3.607954642
418,10,Wol,5000,1,3.5,43640,0.005800181,0.00053,9.08,Wol,5000,2472.981919,7.813179956,-5.149866138
419,10,Wol,5000,2,3.5,43640,0.00745188,0.00102,13.67,Wol,5000,2472.981919,7.813179956,-4.899288983
420,10,Wol,5000,3,3.5,43640,0.007103003,0.00109,15.28,Wol,5000,2472.981919,7.813179956,-4.947237598
421,24,Tet,5000,1,7.1,173700000,2.513610802,0.12435,4.95,Tet,5000,9843193.386,16.10229075,0.921720286
422,24,Tet,5000,2,5.6,5494000,1.443804265,0.10714,7.42,Tet,5000,311332.7833,12.64861766,0.367281481
423,24,Tet,5000,3,5,1380000,1.777567544,0.18333,10.31,Tet,5000,78201.5364,11.26704457,0.575245881
424,24,Wol,5000,1,3.875,103500,0.025501164,0.00195,7.64,Wol,5000,5865.11523,8.676777408,-3.669031173
425,24,Wol,5000,2,4.3636,318800,0.028395431,0.00375,13.2,Wol,5000,18065.68826,9.801769742,-3.561527024
426,24,Wol,5000,3,4.3103,282000,0.037502035,0.00143,3.82,Wol,5000,15980.31396,9.679112866,-3.283360083
427,34,Tet,5000,1,7,1.38E+08,14.1851726,0.54188,3.82,Tet,5000,7820153.64,15.87221476,2.652197236
428,34,Tet,5000,2,6.5,43640000,15.3771781,1.95373,12.71,Tet,5000,2472981.919,14.72093524,2.732884469
429,34,Tet,5000,3,6.6,54940000,10.06010698,1.27818,12.71,Tet,5000,3113327.833,14.95120275,2.308577799
430,34,Wol,5000,1,4.25,245400,0.071655956,0.00354,4.95,Wol,5000,13906.27321,9.540095328,-2.635879
431,34,Wol,5000,2,4.5,436400,0.110931408,0.0191,17.22,Wol,5000,24729.81919,10.11576505,-2.198843216
432,34,Wol,5000,3,4.75,776000,0.151210164,0.01205,7.97,Wol,5000,43974.19728,10.69135832,-1.889084599
433,48,Tet,5000,1,7,1.38E+08,20.71042898,1.53681,7.42,Tet,5000,7820153.64,15.87221476,3.030637389
434,48,Tet,5000,2,6.75,77600000,37.66894003,4.32434,11.48,Tet,5000,4397419.728,15.2965285,3.628835883
435,48,Tet,5000,3,6.5,43640000,19.99420742,0.76378,3.82,Tet,5000,2472981.919,14.72093524,2.995442603
436,48,Wol,5000,1,4.5,436400,0.083357628,0.00728,8.73,Wol,5000,24729.81919,10.11576505,-2.484615161
437,48,Wol,5000,2,4.2941,271600,0.105256522,0.01618,15.37,Wol,5000,15390.96905,9.641536191,-2.251354843
438,48,Wol,5000,3,5,1380000,0.085072086,0.01076,12.65,Wol,5000,78201.5364,11.26704457,-2.464256317
439,58,Tet,5000,1,6.6,54940000,21.63278619,3.19388,14.76,Tet,5000,3113327.833,14.95120275,3.074210043
440,58,Tet,5000,2,6.5,43640000,41.64978192,1.0302,2.47,Tet,5000,2472981.919,14.72093524,3.729296133
441,58,Tet,5000,3,6,13800000,0.845737187,0.11161,13.2,Tet,5000,782015.364,13.56962967,-0.167546622
442,58,Wol,5000,1,6.25,24540000,0.154848249,0.01843,11.9,Wol,5000,1390627.321,14.14526551,-1.865309683
443,58,Wol,5000,2,5.6,5494000,1.002158596,0.10059,10.04,Wol,5000,311332.7833,12.64861766,0.002156269
444,58,Wol,5000,3,5.4,3466000,0.436516776,0.03479,7.97,Wol,5000,196410.5255,12.18796227,-0.828928473
445,72,Tet,5000,1,7.5,436400000,62.05959474,3.92576,6.33,Tet,5000,24729819.19,17.02352033,4.128095129
446,72,Tet,5000,2,6.8448,96540000,124.948394,14.54938,11.64,Tet,5000,5470707.481,15.5149185,4.827900804
447,72,Tet,5000,3,6.75,77600000,63.9780385,9.77587,15.28,Tet,5000,4397419.728,15.2965285,4.158539876
448,72,Wol,5000,1,5.1552,1973000,1.552943171,0.23512,15.14,Wol,5000,111805.5299,11.6245163,0.440151951
449,72,Wol,5000,2,4.75,776000,0.803994238,0.03071,3.82,Wol,5000,43974.19728,10.69135832,-0.218163177
450,72,Wol,5000,3,4.875,1035000,0.812296191,0.07094,8.73,Wol,5000,58651.1523,10.9793625,-0.207890238
451,82,Tet,5000,1,7.1552,197300000,198.4315614,30.50506,15.37,Tet,5000,11180552.99,16.22968649,5.290444262
452,82,Tet,5000,2,6.6,54940000,192.7022875,16.82914,8.73,Tet,5000,3113327.833,14.95120275,5.261146446
453,82,Tet,5000,3,7.3333,297300000,77.72596218,2.26266,2.91,Tet,5000,16847330.99,16.6397028,4.353189335
454,82,Wol,5000,1,4.5,436400,1.853911134,0.17486,9.43,Wol,5000,24729.81919,10.11576505,0.617297534
455,82,Wol,5000,2,6,13800000,34.25085399,4.23594,12.37,Wol,5000,782015.364,13.56962967,3.533711498
456,82,Wol,5000,3,6.5,43640000,30.35291034,3.04653,10.04,Wol,5000,2472981.919,14.72093524,3.412892406
457,96,Tet,5000,1,7.75,7.76E+08,46.58023235,2.71197,5.82,Tet,5000,43974197.28,17.59911359,3.841176253
458,96,Tet,5000,2,9.4054,3.51E+10,49.22274493,3.76063,7.64,Tet,5000,1989039078,21.41091748,3.896355812
459,96,Tet,5000,3,7.5,436400000,124.3795528,21.12779,16.99,Tet,5000,24729819.19,17.02352033,4.8233378
460,96,Wol,5000,1,6.75,77600000,3.795568582,0.2401,6.33,Wol,5000,4397419.728,15.2965285,1.333834224
461,96,Wol,5000,2,7.4737,410700000,6.170491705,1.08852,17.64,Wol,5000,23273457.25,16.9628241,1.819778528
462,96,Wol,5000,3,7.5,436400000,8.983267793,0.56826,6.33,Wol,5000,24729819.19,17.02352033,2.195363713
463,106,Tet,5000,1,8.8448,9.65E+09,90.0409207,6.68144,7.42,Tet,5000,547070748.1,20.12008869,4.500264241
464,106,Tet,5000,2,8.3103,2.82E+09,77.04867749,2.24295,2.91,Tet,5000,159803139.6,18.88945324,4.344437397
465,106,Tet,5000,3,8.1667,2.03E+09,9.079648161,0.67375,7.42,Tet,5000,114808922.3,18.55877976,2.206035443
466,106,Wol,5000,1,6.7,69160000,2.083246914,0.31541,15.14,Wol,5000,3919143.665,15.18138374,0.733927693
467,106,Wol,5000,2,6.625,58190000,2.406437966,0.07005,2.91,Wol,5000,3297498.118,15.00867459,0.878147632
468,106,Wol,5000,3,7.5814,526300000,7.490646625,0.42996,5.74,Wol,5000,29824252.61,17.21083247,2.013655126
469,120,Tet,5000,1,7.25,245400000,63.19244991,10.88161,17.22,Tet,5000,13906273.21,16.44785061,4.146184831
470,120,Tet,5000,2,6.6,54940000,50.88944461,1.94398,3.82,Tet,5000,3113327.833,14.95120275,3.929655527
471,120,Tet,5000,3,7.6,549400000,60.15365717,3.50224,5.82,Tet,5000,31133278.33,17.25378785,4.096902241
472,120,Wol,5000,1,7.4,346600000,8.561094593,0.85928,10.04,Wol,5000,19641052.55,16.79313245,2.147228055
473,120,Wol,5000,2,6.6,54940000,6.134211576,0.23433,3.82,Wol,5000,3113327.833,14.95120275,1.813881557
474,120,Wol,5000,3,7,1.38E+08,10.89908898,0.63456,5.82,Wol,5000,7820153.64,15.87221476,2.388679206
475,130,Tet,5000,1,6.6,54940000,95.13117853,10.90206,11.46,Tet,5000,3113327.833,14.95120275,4.555256766
476,130,Tet,5000,2,7.4,346600000,159.1644239,3.9369,2.47,Tet,5000,19641052.55,16.79313245,5.069937781
477,130,Tet,5000,3,7.25,245400000,64.88572716,3.20987,4.95,Tet,5000,13906273.21,16.44785061,4.172627679
478,130,Wol,5000,1,7.6364,597400000,3.783332314,0.5728,15.14,Wol,5000,33853331.77,17.33754798,1.330605186
479,130,Wol,5000,2,6.6,54940000,6.962910906,1.07041,15.37,Wol,5000,3113327.833,14.95120275,1.94059762
480,130,Wol,5000,3,6.75,77600000,11.29190106,0.2793,2.47,Wol,5000,4397419.728,15.2965285,2.424085748
481,144,Tet,5000,1,NA,NA,NA,NA,NA,Tet,5000,NA,NA,NA
482,144,Tet,5000,2,7.5,436400000,64.96018932,1.60678,2.47,Tet,5000,24729819.19,17.02352033,4.17377461
483,144,Tet,5000,3,8,1.38E+09,79.64267579,3.04236,3.82,Tet,5000,78201536.4,18.17479985,4.377550077
484,144,Wol,5000,1,8,1.38E+09,25.37246969,0.96923,3.82,Wol,5000,78201536.4,18.17479985,3.233664716
485,144,Wol,5000,2,6.75,77600000,4.857064312,0.12014,2.47,Wol,5000,4397419.728,15.2965285,1.580434204
486,144,Wol,5000,3,7.5,436400000,12.20329817,0.93233,7.64,Wol,5000,24729819.19,17.02352033,2.501706257
490,154,Wol,5000,1,6.4,34660000,15.49746574,0,0,Wol,5000,1964105.255,14.49054736,2.74067651
491,154,Wol,5000,2,7.3636,318800000,73.56701877,4.28319,5.82,Wol,5000,18065688.26,16.70952502,4.298196811
492,154,Wol,5000,3,7.5,436400000,55.75626433,5.75031,10.31,Wol,5000,24729819.19,17.02352033,4.020989769
496,168,Wol,5000,1,7.1552,197300000,1.681195617,0.2127,12.65,Wol,5000,11180552.99,16.22968649,0.519505217
497,168,Wol,5000,2,7.8448,965400000,7.364985462,0.46589,6.33,Wol,5000,54707074.81,17.8175036,1.996737076
498,168,Wol,5000,3,7.7568,788200000,9.298102611,1.37278,14.76,Wol,5000,44665544.2,17.61471294,2.229810359
502,178,Wol,5000,1,7.6,549400000,24.53230771,2.81628,11.48,Wol,5000,31133278.33,17.25378785,3.199990931
503,178,Wol,5000,2,7,1.38E+08,43.33200939,1.07181,2.47,Wol,5000,7820153.64,15.87221476,3.768891609
504,178,Wol,5000,3,7.1552,197300000,3.737575635,0.33925,9.08,Wol,5000,11180552.99,16.22968649,1.318437175
508,192,Wol,5000,1,7,1.38E+08,25.66868127,0.63491,2.47,Wol,5000,7820153.64,15.87221476,3.245271621
509,192,Wol,5000,2,6.5,43640000,21.81070437,1.3797,6.33,Wol,5000,2472981.919,14.72093524,3.082400876
510,192,Wol,5000,3,7.1552,197300000,31.6084047,0,0,Wol,5000,11180552.99,16.22968649,3.453423057
514,202,Wol,5000,1,7.3636,318800000,1.752416626,0.04335,2.47,Wol,5000,18065688.26,16.70952502,0.560995764
515,202,Wol,5000,2,7.25,245400000,5.518522512,0.70115,12.71,Wol,5000,13906273.21,16.44785061,1.708110164
516,202,Wol,5000,3,6.5,43640000,12.76379793,1.74472,13.67,Wol,5000,2472981.919,14.72093524,2.546612877
520,216,Wol,5000,1,5.6,5494000,22.14552866,1.69192,7.64,Wol,5000,311332.7833,12.64861766,3.09763561
521,216,Wol,5000,2,7.3636,318800000,6.275927596,0.23974,3.82,Wol,5000,18065688.26,16.70952502,1.836721298
522,216,Wol,5000,3,6.75,77600000,41.35845821,3.2967,7.97,Wol,5000,4397419.728,15.2965285,3.722276952
526,226,Wol,5000,1,7.1552,197300000,41.38941171,1.58108,3.82,Wol,5000,11180552.99,16.22968649,3.723025092
527,226,Wol,5000,2,6.75,77600000,9.598329497,1.1426,11.9,Wol,5000,4397419.728,15.2965285,2.261589073
528,226,Wol,5000,3,6.6,54940000,29.42623293,1.86144,6.33,Wol,5000,3113327.833,14.95120275,3.381886553
532,240,Wol,5000,1,6.6,54940000,60.65973351,4.63442,7.64,Wol,5000,3113327.833,14.95120275,4.105280109
533,240,Wol,5000,2,6.4737,41070000,12.04414139,1.09322,9.08,Wol,5000,2327345.725,14.660239,2.48857835
534,240,Wol,5000,3,7,1.38E+08,15.4710181,2.52762,16.34,Wol,5000,7820153.64,15.87221476,2.738968474
538,250,Wol,5000,1,7.3636,318800000,NA,NA,NA,Wol,5000,18065688.26,16.70952502,NA
539,250,Wol,5000,2,6.6,54940000,35.20898403,1.02496,2.91,Wol,5000,3113327.833,14.95120275,3.561301278
540,250,Wol,5000,3,5.7,6916000,11.9369589,0.75511,6.33,Wol,5000,391914.3665,12.87879864,2.479639377
544,264,Wol,5000,1,6.6,54940000,29.82066158,1.47522,4.95,Wol,5000,3113327.833,14.95120275,3.395201495
545,264,Wol,5000,2,7.1552,197300000,24.15687845,3.06923,12.71,Wol,5000,11180552.99,16.22968649,3.184569162
546,264,Wol,5000,3,6.6,54940000,72.45653013,7.16879,9.89,Wol,5000,3113327.833,14.95120275,4.282986798
547,288,Wol,5000,1,6.75,77600000,29.86046788,4.5209,15.14,Wol,5000,4397419.728,15.2965285,3.396535461
548,288,Wol,5000,2,7.5,436400000,13.47747233,1.5472,11.48,Wol,5000,24729819.19,17.02352033,2.601019575
549,288,Wol,5000,3,6.6,54940000,24.0058637,2.85769,11.9,Wol,5000,3113327.833,14.95120275,3.178298121
550,312,Wol,5000,1,6.6,54940000,1.688252805,0.04176,2.47,Wol,5000,3113327.833,14.95120275,0.523694151
551,312,Wol,5000,2,6.5,43640000,5.76091889,0.76026,13.2,Wol,5000,2472981.919,14.72093524,1.751096991
552,312,Wol,5000,3,7.5455,484500000,6.190601695,0.93625,15.12,Wol,5000,27455539.41,17.12807851,1.823032286